Price,Close,High,Low,Open,Volume,ticker
Ticker,JPM,JPM,JPM,JPM,JPM,
Date,,,,,,
2023-04-12,122.34468841552734,124.18223201523713,121.92576264435289,122.99210858707052,11821000,JPM
2023-04-13,122.81121063232422,122.85880394273504,120.7546740526125,122.3065995078402,12450200,JPM
2023-04-14,132.0846405029297,132.45595839209943,128.43810096166163,128.6761256221005,43931300,JPM
2023-04-17,133.1319580078125,133.35093663285537,131.06590564907688,133.24620519863961,16050500,JPM
2023-04-18,134.6267547607422,134.9885569274646,132.37028541704944,133.55089307359844,13760100,JPM
2023-04-19,134.4553680419922,134.72195449289325,133.6746402015877,134.4648837981415,9158100,JPM
2023-04-20,134.0650177001953,134.65531425442393,133.14148078465306,133.20813466806516,10586200,JPM
2023-04-21,133.8079376220703,134.3506408249081,132.13224923131867,133.04627032582928,11842500,JPM
2023-04-24,133.98886108398438,134.3411475216415,133.33191058248514,133.7318048660824,7567500,JPM
2023-04-25,131.07542419433594,133.25573831815785,131.0373466392077,132.91298221051164,10629300,JPM
2023-04-26,128.75228881835938,131.20870493459682,127.58121161536567,131.0278038772499,14416100,JPM
2023-04-27,130.48512268066406,131.30392809947745,129.1617061403826,129.48541619417864,9041100,JPM
2023-04-28,131.61810302734375,131.69427265135792,129.1712028874506,130.01856997878664,9881800,JPM
2023-05-01,134.43634033203125,136.50239287215382,134.0840684441385,135.4455626806016,20415800,JPM
2023-05-02,132.26556396484375,135.58839401723384,131.79903032135493,134.6267649283972,14113400,JPM
2023-05-03,129.4663848876953,132.02753286806262,129.25692199895994,131.80855422179351,12930900,JPM
2023-05-04,127.69548034667969,129.21884416553107,125.49613454752013,128.49525434190738,17089200,JPM
2023-05-05,130.1899871826172,131.27537916714465,129.3997434835853,129.90435465450494,11259100,JPM
2023-05-08,130.50416564941406,131.36104860173228,129.94241641884727,130.9040453290207,7484900,JPM
2023-05-09,129.8757781982422,130.3899050685269,128.7332627425978,129.41876039368665,7343600,JPM
2023-05-10,129.9424285888672,131.4467463022995,128.40954907620738,131.34201486250757,8133400,JPM
2023-05-11,129.53302001953125,130.25660973993178,128.43809789096645,128.53331356401452,7057300,JPM
2023-05-12,127.67644500732422,130.42800974520216,126.75290808058807,130.26615470507681,9986400,JPM
2023-05-15,128.75228881835938,129.17121452424243,127.5431340638634,127.83828230358874,7639500,JPM
2023-05-16,127.88591766357422,129.42831306913698,127.54316151479641,128.9713097133915,6477200,JPM
2023-05-17,131.8180694580078,131.9513627023237,128.9713034841454,129.39021473208533,12711500,JPM
2023-05-18,132.81777954101562,133.0367581921673,131.1611224371359,131.64670211179214,10999600,JPM
2023-05-19,132.51309204101562,133.76035355976813,131.51340001361532,133.09387283767,13490700,JPM
2023-05-22,131.41819763183594,134.8552749183525,131.0659257209225,134.24593226083675,11402500,JPM
2023-05-23,130.04718017578125,132.37030372534153,129.92341720257977,130.95167118981476,9514900,JPM
2023-05-24,128.85702514648438,129.81865406098805,128.60948473262428,128.91414873984655,8578000,JPM
2023-05-25,129.17123413085938,129.74249918520582,128.13344999240806,128.36195891972142,8472500,JPM
2023-05-26,130.38038635253906,131.00877492363412,129.1331394943143,129.59014276062348,8579900,JPM
2023-05-30,130.87547302246094,131.12301341532753,129.50444878655472,130.24708449302543,7399900,JPM
2023-05-31,129.20933532714844,130.28519709874558,127.96207368813783,130.1804656489928,14219900,JPM
2023-06-01,130.98974609375,131.60860446218882,128.9617711332563,129.9805237561119,12248100,JPM
2023-06-02,133.7412872314453,134.70290155668974,132.6654111988986,132.8748740464364,12917200,JPM
2023-06-05,132.42739868164062,133.39854337933707,131.51339210676255,133.39854337933707,8511900,JPM
2023-06-06,132.66542053222656,133.38902479385393,131.58955895186165,132.03703194540455,9329500,JPM
2023-06-07,133.9507598876953,134.50297884183448,132.17985583748086,132.86536802000725,9281400,JPM
2023-06-08,133.98886108398438,134.14120037984287,132.7987375748553,133.93173748000618,7368100,JPM
2023-06-09,134.2554473876953,135.00761357995376,133.49377996528784,133.62707321699662,7249100,JPM
2023-06-12,134.24591064453125,134.55058918816718,133.0653030797509,134.31256452390383,7596600,JPM
2023-06-13,135.21705627441406,136.02633142176325,133.4271061378985,133.7508161968382,7701600,JPM
2023-06-14,134.7124481201172,136.73089268264016,133.96028202364064,136.15011190389325,9068700,JPM
2023-06-15,136.23577880859375,136.5309270363151,133.3223595534629,133.85553242003965,9343100,JPM
2023-06-16,136.3976593017578,137.07365579466145,135.6740694944884,136.19772670337522,13812100,JPM
2023-06-20,135.70263671875,136.15012430351598,134.2840043193989,135.77880636380317,8428600,JPM
2023-06-21,135.50270080566406,137.12126577189142,134.90287394542946,136.05490529504394,9926500,JPM
2023-06-22,132.8939208984375,135.76926266396595,132.29409414701323,135.4931459414904,10075200,JPM
2023-06-23,132.1989288330078,132.5131086635097,131.0278368078178,131.90376599122905,9907500,JPM
2023-06-26,132.52261352539062,133.30332686452985,131.0944655492329,132.21793498376485,8429700,JPM
2023-06-27,132.53213500976562,133.14147759147986,131.90374638640853,132.34171817695614,8154000,JPM
2023-06-28,131.95135498046875,132.54166605178588,131.35154268008554,132.49405821134323,7558600,JPM
2023-06-29,136.5595245361328,136.6833020296197,133.1510236010499,133.36048650023935,15423200,JPM
2023-06-30,138.47323608398438,139.0064090270256,136.77850157451488,137.67347666942254,14208500,JPM
2023-07-03,139.58718872070312,140.4155099273287,139.00640794202224,139.18730901654345,8021600,JPM
2023-07-05,138.65731811523438,139.41463525327674,138.38890080344873,138.9449122714751,8934900,JPM
2023-07-06,137.28646850585938,137.4590162166091,135.58967621192454,137.1043250594152,9709500,JPM
2023-07-07,138.36972045898438,139.807676576169,137.08514983826782,137.9575133933282,8977500,JPM
2023-07-10,139.1461944580078,139.95146088510756,138.5230860810193,138.5230860810193,9100100,JPM
2023-07-11,141.32232666015625,141.7057904046329,139.68306486391282,140.28699649153853,11265600,JPM
2023-07-12,142.02212524414062,143.67098274566342,140.91969808298515,141.35108198832225,11323200,JPM
2023-07-13,142.71234130859375,143.19165999600372,141.638672129642,142.5493747101918,11234900,JPM
2023-07-14,143.57513427734375,146.56607842581246,142.27138676663878,145.2815077597544,27011600,JPM
2023-07-17,147.03582763671875,147.39051883860503,144.13115711859902,144.13115711859902,17262400,JPM
2023-07-18,147.30421447753906,148.01359673445577,146.49896263731995,147.03579719746602,13491700,JPM
2023-07-19,147.86981201171875,148.79011030870112,145.9237793512413,146.4318559791899,12510000,JPM
2023-07-20,149.6912384033203,150.11304123988174,148.02321853028758,148.13825034838715,9935900,JPM
2023-07-21,148.54087829589844,149.68165926590254,148.29163781085074,149.35572602522922,10633100,JPM
2023-07-24,151.46469116210938,152.2220081817565,148.32994314168485,148.56002135623743,14381400,JPM
2023-07-25,150.33352661132812,151.19629443474395,149.50909784839132,150.79366847530682,9944700,JPM
2023-07-26,151.234619140625,151.70435669587238,149.81583999522877,150.22806165139377,8728600,JPM
2023-07-27,149.5666046142578,152.2124384550297,149.11604388601708,151.24421998989814,10778400,JPM
2023-07-28,150.41976928710938,151.08123130751295,149.96920862473718,150.774460376688,9103800,JPM
2023-07-31,151.42637634277344,152.78763975121493,150.64986772974416,150.67862568271045,8892700,JPM
2023-08-01,150.67860412597656,151.4646937349844,149.69120887500435,150.91826345150662,6853900,JPM
2023-08-02,148.9722442626953,149.25025729673152,147.57264186752258,149.12562975542937,8299400,JPM
2023-08-03,149.88296508789062,150.42938080588306,147.96569026554548,148.58879873174925,6084000,JPM
2023-08-04,149.5666046142578,151.2729779404118,149.2598336385853,149.9308768633124,6206600,JPM
2023-08-07,150.27601623535156,151.17713786775806,150.1226453452181,150.1226453452181,7251800,JPM
2023-08-08,149.43238830566406,149.52824325991187,146.27846336972812,147.936916445069,8623400,JPM
2023-08-09,147.4288330078125,149.08728617082494,147.12207665930103,148.89556162454963,6277800,JPM
2023-08-10,147.20835876464844,149.01060178150414,146.75779801043453,147.99444846439056,5995100,JPM
2023-08-11,148.06155395507812,148.12866559908508,146.3168413703072,146.70029050631376,5178000,JPM
2023-08-14,148.36831665039062,148.51210641142237,146.5948315835533,147.25629373959148,5044300,JPM
2023-08-15,144.5912628173828,146.93034012294171,144.01607459784915,146.52771422032578,10300300,JPM
2023-08-16,143.97775268554688,144.7159075753868,143.48883825243726,144.37079752810476,6978200,JPM
2023-08-17,142.48228454589844,145.00349101600736,142.26178740719132,144.63921874287325,9953900,JPM
2023-08-18,142.80819702148438,143.31627361056113,141.34148315073162,141.5427887884029,8516900,JPM
2023-08-21,143.29710388183594,143.89146897277473,141.89750157259945,143.46007047249253,8327000,JPM
2023-08-22,140.32533264160156,143.45048497335463,139.81725604286106,143.08619811854282,9682000,JPM
2023-08-23,141.2743682861328,141.48526965348577,139.44338223705037,140.29656881310777,7858000,JPM
2023-08-24,141.14015197753906,143.22998869645667,140.91008840940927,141.398988119328,6534000,JPM
2023-08-25,140.96763610839844,142.47268925752803,139.81727412526095,141.18811862015195,6695500,JPM
2023-08-28,141.45652770996094,142.46309987209142,141.04432066290826,141.4661234453359,5094100,JPM
2023-08-29,142.60690307617188,142.6931915644579,141.09225413625788,141.60034544675372,6337000,JPM
2023-08-30,142.03172302246094,142.98076470232186,141.101843559009,142.47268804220644,6277300,JPM
2023-08-31,140.2774200439453,142.21387179186314,139.92272886771036,142.12758330421016,10933900,JPM
2023-09-01,140.74713134765625,141.9550090448651,139.6734476558267,140.04731560693733,7902100,JPM
2023-09-05,139.1941375732422,142.07964530202372,139.01199413987985,141.07307317867307,7854700,JPM
2023-09-06,138.9640655517578,139.5200622978572,138.14921801852407,138.7148104990471,8629200,JPM
2023-09-07,137.77536010742188,139.26125091461435,137.4590080289116,138.16840492869025,8373700,JPM
2023-09-08,137.8808135986328,138.15881199758368,136.74961390454877,137.43983397573507,7107900,JPM
2023-09-11,138.48475646972656,139.05034898927175,137.74660162273412,138.76275486195632,6854200,JPM
2023-09-12,140.28700256347656,141.22647780737236,138.09172921346024,138.52311314547734,8363200,JPM
2023-09-13,140.35411071777344,141.59074657583213,139.78851814035303,141.24563651326866,8325900,JPM
2023-09-14,143.07662963867188,143.69973808754753,141.41819105920393,141.72494741587258,10034900,JPM
2023-09-15,142.6548309326172,143.53677559629838,142.17551222663963,142.7602816330381,19824100,JPM
2023-09-18,142.95199584960938,142.97117269220223,141.6386673710759,142.03171219218206,6512400,JPM
2023-09-19,142.7698516845703,143.52718337284603,141.1210089211345,143.3162819883372,7943400,JPM
2023-09-20,142.16590881347656,144.0352485479714,142.01252334099397,143.46006033998356,7332000,JPM
2023-09-21,141.0539093017578,142.69318572505367,140.5650094838291,141.47571210670628,8052400,JPM
2023-09-22,139.70220947265625,141.40858269448304,139.1845517674149,141.19768131851396,7071700,JPM
2023-09-25,140.39244079589844,140.45955243349127,137.7561880117815,139.33794845883895,7044700,JPM
2023-09-26,138.93531799316406,139.80768157944357,138.26427470665925,138.61898050839125,7468400,JPM
2023-09-27,139.7501678466797,140.04734311906478,138.53269417588405,139.18457525551793,6717800,JPM
2023-09-28,141.4853057861328,142.71236062174705,139.9706567736236,140.22949299559383,8868100,JPM
2023-09-29,139.02159118652344,142.60688547756496,138.86820570144013,142.4535146201266,11915700,JPM
2023-10-02,137.8232879638672,139.59675818259282,136.73044203294273,138.83944115589324,9170600,JPM
2023-10-03,136.80714416503906,137.65073509555378,136.4620341301232,137.27686711003201,9431100,JPM
2023-10-04,137.420654296875,137.53568608490596,136.05937654283923,137.2672688277381,8128700,JPM
2023-10-05,138.00009155273438,138.19324553496597,136.00107750974107,137.1695795301104,8576200,JPM
2023-10-06,140.12466430664062,140.87791766646882,137.26615341981034,138.009754974977,10269400,JPM
2023-10-09,139.80596923828125,140.4143570769035,138.57951228581754,138.7340295642779,6964900,JPM
2023-10-10,140.65577697753906,141.73738313104053,140.29846868459884,140.4336676118393,11288800,JPM
2023-10-11,141.138671875,142.18164163499597,140.04742834829716,141.48632846166532,8698200,JPM
2023-10-12,140.81031799316406,141.92089448010233,140.15364158885026,141.28352168609396,10484400,JPM
2023-10-13,142.92523193359375,147.86001586883228,142.77071463280183,143.40808744688292,29427000,JPM
2023-10-16,142.78036499023438,144.39310045355313,141.6891069385049,144.32549361627682,12663500,JPM
2023-10-17,142.47134399414062,144.19030841149777,141.75671254259527,142.50998068642986,11482700,JPM
2023-10-18,140.90689086914062,142.42304942630997,140.3853986945265,141.56356725426366,9620300,JPM
2023-10-19,140.3081512451172,141.9788419625942,139.91222091570683,140.49163870136113,11143600,JPM
2023-10-20,138.0483856201172,140.16329508492615,137.2468437153606,139.61284747297316,13332000,JPM
2023-10-23,136.1652374267578,138.75333557569203,135.90449135678702,138.03871893769804,10133400,JPM
2023-10-24,136.32940673828125,136.8702024875778,135.54718326265018,136.34872508235011,8881400,JPM
2023-10-25,135.5858154296875,136.33906881375177,134.72633324861008,135.7499992632734,8242600,JPM
2023-10-26,135.9334716796875,136.81227220440442,134.64907431331204,134.96776070366806,9109400,JPM
2023-10-27,131.03732299804688,134.3304009201974,130.55446751628565,134.1855354343211,17434700,JPM
2023-10-30,132.70797729492188,133.3067132797203,131.37529166622605,131.76158483027137,9855500,JPM
2023-10-31,134.29176330566406,134.46559894040348,132.7562864207683,132.98806235522758,9672500,JPM
2023-11-01,134.17588806152344,135.71136500770396,133.72200271482902,134.47525611241116,9432000,JPM
2023-11-02,136.5708465576172,136.62878685937528,134.4559371299647,135.28644917151817,10186200,JPM
2023-11-03,138.0966796875,138.84028131947235,136.98611787795187,137.31445609731273,9533100,JPM
2023-11-06,139.13961791992188,139.24584670046576,137.89384269940007,138.26081752956586,7625100,JPM
2023-11-07,139.072021484375,139.3134492095142,137.92283789059871,138.5891660340966,6297900,JPM
2023-11-08,139.75767517089844,139.87355575733105,138.69538734333898,139.1685909639024,7618200,JPM
2023-11-09,139.34242248535156,140.65578992901166,138.7726565777731,140.4529988872671,7992500,JPM
2023-11-10,141.40904235839844,141.45733085131482,139.13963054712033,139.97014252431288,7983300,JPM
2023-11-13,140.78134155273438,141.2352268795012,140.1826054772461,140.70408290822303,6676300,JPM
2023-11-14,143.35012817382812,144.13235164415403,141.49596501642404,141.6504675611902,9927700,JPM
2023-11-15,144.60556030273438,145.01115712601774,143.3694514882767,143.3694514882767,8365300,JPM
2023-11-16,146.2569122314453,146.3341708713839,144.9435448236475,144.9435448236475,8126200,JPM
2023-11-17,147.57997131347656,147.61859327223416,146.34384759951288,146.98122043587352,7812400,JPM
2023-11-20,148.03382873535156,148.47806226709042,146.71080941622716,146.86532670862155,7019000,JPM
2023-11-21,147.7248077392578,148.36218051375133,147.3385292468508,147.94691713561284,7083500,JPM
2023-11-22,148.0724639892578,148.60360796697148,147.65720061192533,148.14972263470526,5174500,JPM
2023-11-24,148.2752685546875,149.14441734350603,148.02418898578327,148.32355705444095,3496900,JPM
2023-11-27,147.93727111816406,148.2656093231128,147.47373396202576,148.16903232844294,6259100,JPM
2023-11-28,148.2752685546875,148.59395497036283,147.48339315393952,147.96624868031162,6582700,JPM
2023-11-29,149.02850341796875,150.29358225656844,148.71946887709476,148.88363795109234,9126100,JPM
2023-11-30,150.72817993164062,150.77646843044934,149.08647412121113,149.59829979030536,9869800,JPM
2023-12-01,151.46209716796875,152.4471264324071,150.47708263910965,150.47708263910965,8913000,JPM
2023-12-04,152.5726776123047,152.63061791135257,150.5350269275032,150.67022587047478,9607500,JPM
2023-12-05,152.55335998535156,153.06518561012263,151.58764903512997,151.86769872703917,9135600,JPM
2023-12-06,150.95028686523438,153.7605094641416,150.65091880734857,153.39353456191736,9366000,JPM
2023-12-07,151.41380310058594,151.91597688649952,150.79574872391487,151.31724085348094,8130900,JPM
2023-12-08,153.0845184326172,153.33559799861123,151.59731517670335,151.8677130894911,7366200,JPM
2023-12-11,153.64462280273438,153.8377620516064,152.72718558332699,153.0845086660994,8093900,JPM
2023-12-12,155.01593017578125,155.14146258261442,153.43216476270194,153.77015476335137,10223000,JPM
2023-12-13,155.53741455078125,156.47415541919196,154.29165381841833,155.01593708354534,12379100,JPM
2023-12-14,158.366943359375,159.18778882223103,156.16512358106294,156.28100417921212,13643000,JPM
2023-12-15,159.5644073486328,159.6126958405875,156.8217919383228,157.48813481479212,20305900,JPM
2023-12-18,160.53013610839844,161.3992848535603,159.95071834720437,160.23076805477777,8469600,JPM
2023-12-19,162.6740264892578,162.6933448365844,159.8734702857434,160.30803731931198,10345700,JPM
2023-12-20,160.8391571044922,163.60109093252296,160.74258011800148,162.22978319071458,10734700,JPM
2023-12-21,161.756591796875,162.32635774785905,159.99899071143636,161.11921900310622,7601700,JPM
2023-12-22,161.66000366210938,162.46154550165585,161.4958345724065,161.75658064926606,6574900,JPM
2023-12-26,162.61605834960938,162.98303320809595,161.44754167344777,161.7179542829919,4683600,JPM
2023-12-27,163.5914306640625,163.65903750431366,161.83384438006993,162.08492392476035,6428600,JPM
2023-12-28,164.4605712890625,164.80822780686557,163.2051441561303,163.54314886962018,6320100,JPM
2023-12-29,164.26742553710938,164.83719141614546,163.81354024755086,164.17084855549237,6431800,JPM
2024-01-02,166.1795654296875,166.26647589087875,163.118263055659,163.2920839780415,9977400,JPM
2024-01-03,165.45526123046875,166.14090776298434,164.52817222137315,165.9670868625426,9852300,JPM
2024-01-04,166.55325317382812,168.43828736598832,165.70789377053728,165.80506628977133,11972500,JPM
2024-01-05,167.3888702392578,168.46741986208,166.6115346399047,166.6115346399047,10064200,JPM
2024-01-08,167.14596557617188,167.47632841059595,164.68765213372876,167.14596557617188,11229900,JPM
2024-01-09,165.82449340820312,166.92246570949996,165.28036291792438,166.75728429826847,9923600,JPM
2024-01-10,166.17431640625,166.23261399153995,164.16296075507154,165.18321297698324,9670200,JPM
2024-01-11,165.47470092773438,165.53299850780945,163.86173202224933,165.5038497177719,11919500,JPM
2024-01-12,164.26011657714844,171.31440538232056,164.11435780230056,168.87552941155442,19429200,JPM
2024-01-16,163.23016357421875,163.3273212705515,159.64471394980927,160.19855581559742,17206400,JPM
2024-01-17,162.35565185546875,164.27956101467552,161.7726612106793,162.5985683307423,11107500,JPM
2024-01-18,162.67630004882812,162.78318388881627,160.55807554453818,162.38479731918366,9382300,JPM
2024-01-19,165.4844207763672,165.73706340497066,162.34594400022814,162.80262816960865,13114400,JPM
2024-01-22,165.29006958007812,167.10707987885723,164.90140919124568,165.63015854013912,12837500,JPM
2024-01-23,164.20181274414062,164.94027343200125,163.66739357627395,164.86253838699847,8360800,JPM
2024-01-24,165.66903686523438,166.1645811394518,164.07550537348874,164.56133832617272,9967100,JPM
2024-01-25,168.0399169921875,168.08850325648794,166.06743623844827,167.42776268018352,8873500,JPM
2024-01-26,167.39859008789062,168.1564882585996,166.91275716684927,167.71924159495123,7443000,JPM
2024-01-29,167.83584594726562,167.94272978880866,166.4463708336512,167.35973914748345,6971200,JPM
2024-01-30,171.27552795410156,171.7516346883773,167.93299536186004,167.93299536186004,10822100,JPM
2024-01-31,169.419677734375,173.24804399704448,169.40024026372933,171.2075395461818,11521800,JPM
2024-02-01,168.80752563476562,169.88607545975032,166.57269092764602,168.7200792553889,9354800,JPM
2024-02-02,169.77915954589844,170.83828652640918,168.35080964671118,168.38968458116767,8607600,JPM
2024-02-05,169.5557098388672,170.12898919630774,168.02047584453373,168.93384421818934,7820200,JPM
2024-02-06,170.13868713378906,170.88685912309285,168.83664369657552,169.66256555532382,6764800,JPM
2024-02-07,170.4593505859375,170.88688597640493,169.03101527897886,170.7119932220023,7225500,JPM
2024-02-08,169.84719848632812,170.34274274672413,168.65205360746447,170.04152869669255,6060300,JPM
2024-02-09,170.05125427246094,170.13871547693432,168.74922544478787,170.0415429503843,6296700,JPM
2024-02-12,170.80914306640625,171.80024644178178,168.7783648815186,169.82776583901412,8539300,JPM
2024-02-13,169.32247924804688,171.23666208591013,167.72894790766992,170.35245746411368,8397600,JPM
2024-02-14,171.0423583984375,171.11038213258837,169.4779756038735,170.10956737612557,7056700,JPM
2024-02-15,174.7735137939453,175.10389141720418,171.1589160160532,171.1589160160532,8723400,JPM
2024-02-16,173.9573516845703,174.88043136033104,173.11200706301884,174.52091970775317,8148100,JPM
2024-02-20,174.63751220703125,175.3468390059336,173.35492089829324,174.1128191321942,9668000,JPM
2024-02-21,175.77435302734375,175.86181422527162,173.4617982982712,174.8512733999847,7027900,JPM
2024-02-22,177.88287353515625,178.22294768537301,176.1047232578905,176.66829122771605,9296500,JPM
2024-02-23,178.77679443359375,179.9525017392764,177.99945883459205,178.60188688125777,7105800,JPM
2024-02-26,178.16465759277344,179.23349599880777,177.30958686794597,178.54360669555928,7145400,JPM
2024-02-27,178.25209045410156,178.33953681893712,177.07638312301816,178.11605783332058,5717100,JPM
2024-02-28,179.15576171875,179.9525200395818,177.77599793276727,178.23266726118683,6131600,JPM
2024-02-29,180.7881622314453,181.14767388439947,178.640788809144,180.39950178643787,9643000,JPM
2024-03-01,180.0399627685547,181.1573874164103,179.85535870722214,180.4383493341322,6311800,JPM
2024-03-04,181.3905792236328,182.27479873210646,179.04887572271326,179.47641108181898,7063600,JPM
2024-03-05,183.20761108398438,183.9363605196196,181.0796603596983,181.0796603596983,6617800,JPM
2024-03-06,184.1598358154297,184.68454370131718,182.31367654628764,183.88777055106024,7572900,JPM
2024-03-07,182.54685974121094,185.10234568861836,181.34200356791018,184.52906639155142,7618300,JPM
2024-03-08,182.88693237304688,185.06346903486093,182.59542967682594,183.10070002851268,6166800,JPM
2024-03-11,182.9549560546875,183.10071482780054,180.94361545843643,181.97357888541413,5762600,JPM
2024-03-12,184.4610595703125,184.77199978962534,182.58575141183624,183.59627747171155,5708400,JPM
2024-03-13,185.95741271972656,186.2974868669751,184.46103902721202,184.96630941410146,7795500,JPM
2024-03-14,182.64404296875,186.200343770936,181.79869836836548,185.61733829218755,10310900,JPM
2024-03-15,184.90802001953125,185.52988558997697,181.1962492394263,181.1962492394263,17208100,JPM
2024-03-18,187.20115661621094,187.2400167287337,184.50963791082376,185.22867601727793,9013800,JPM
2024-03-19,188.2991180419922,188.43515066756896,186.9290804652705,187.24973197408235,8478700,JPM
2024-03-20,190.7671661376953,190.99064514119556,188.1242337283577,188.68780172424755,9367000,JPM
2024-03-21,193.41978454589844,193.7792961339983,190.76714116245623,190.95176002978627,11203800,JPM
2024-03-22,191.04893493652344,194.7995657155674,190.97119988924678,193.371215728053,8105800,JPM
2024-03-25,189.29994201660156,191.35986880888015,188.85296921612635,191.0295059886928,8620000,JPM
2024-03-26,190.18414306640625,191.08779997103022,188.56146295801116,189.0764446463934,5961500,JPM
2024-03-27,193.8667755126953,193.94451056025727,190.8157453214986,190.9323404796194,8725800,JPM
2024-03-28,194.62466430664062,195.0327621668252,192.9145229956459,193.83761737439582,8628300,JPM
2024-04-01,193.30320739746094,195.24653910576725,192.94369577588645,194.32345950961061,7309000,JPM
2024-04-02,193.22547912597656,194.1194099639725,192.4675809192747,192.76879497239406,7014700,JPM
2024-04-03,192.68133544921875,193.90562904730032,192.09833002549772,193.40035866850502,9353400,JPM
2024-04-04,191.21531677246094,195.1539700677102,191.11759235822532,194.63598444218601,9243800,JPM
2024-04-05,192.9745330810547,193.62934486031887,190.68757583772697,191.71377918935204,6531000,JPM
2024-04-08,193.981201171875,194.46986805354442,193.1406935388864,193.1406935388864,8001000,JPM
2024-04-09,192.68133544921875,194.37213350910886,190.49211747754993,193.58049558807298,7358600,JPM
2024-04-10,191.0394287109375,192.6031686712423,189.77865982612101,191.1176172002457,7681400,JPM
2024-04-11,191.0003204345703,192.11449518415904,188.85997212927498,191.55740780936466,10137700,JPM
2024-04-12,178.64682006835938,184.6476483766428,178.4024866438968,184.0514891373657,31506200,JPM
2024-04-15,178.7445526123047,183.21097459999416,178.07019000034038,180.31806040257874,14766600,JPM
2024-04-16,176.70193481445312,179.00844292824465,175.57799211887155,178.75432662359262,16451800,JPM
2024-04-17,175.99826049804688,178.28521785507158,175.13820204052814,177.2590144524284,9017100,JPM
2024-04-18,177.14173889160156,179.20391366224993,175.89075290791178,176.9951447970009,9557700,JPM
2024-04-19,181.58860778808594,181.6667962750779,177.2981133625571,178.2656641991084,13380200,JPM
2024-04-22,185.11679077148438,185.82047227061935,181.76452822519838,181.77431110705808,11529700,JPM
2024-04-23,187.784912109375,187.8728685705733,186.2016361560856,186.79781035909076,9144400,JPM
2024-04-24,188.70359802246094,188.85019211651309,185.8595532944157,186.21139403307004,6964900,JPM
2024-04-25,188.98703002929688,189.54411744729967,186.84666664506318,187.89242095762415,9802300,JPM
2024-04-26,189.10430908203125,190.45301949074818,188.68404782275095,189.18249757010503,6413700,JPM
2024-04-29,188.8990478515625,189.85683065888813,188.06830827873446,189.09451160019026,5387800,JPM
2024-04-30,187.39398193359375,190.57031667770585,187.29624259167994,188.4397213100087,8153700,JPM
2024-05-01,187.51124572753906,190.0523193323471,186.46549150225204,187.91195612673852,7445300,JPM
2024-05-02,187.31578063964844,189.1140710696836,185.22428711684196,188.69382473662347,6501700,JPM
2024-05-03,186.1918487548828,188.1660671204645,184.18832648254292,187.64808142207335,8922800,JPM
2024-05-06,187.6480712890625,187.84353504740284,185.51749097117377,187.38418701319216,7911100,JPM
2024-05-07,187.40374755859375,188.55699423151734,187.30600821790244,187.3548778882481,7688800,JPM
2024-05-08,191.21531677246094,192.1926503923824,186.6707214049972,186.6707214049972,9227600,JPM
2024-05-09,193.0233917236328,193.11134817113842,190.67779697925087,190.7462025785571,7977300,JPM
2024-05-10,194.26463317871094,194.8217056600985,193.77596630492945,194.03983567946221,7529800,JPM
2024-05-13,194.2255401611328,195.32016414813458,193.55117745909578,194.29396068472738,7049200,JPM
2024-05-14,196.9425048828125,197.01092539875526,193.66844599600847,194.4894027097508,8596200,JPM
2024-05-15,197.52891540527344,198.09577074283874,195.24195811825152,197.43117606975468,8370000,JPM
2024-05-16,197.8807373046875,199.84517249307626,197.41162134728208,197.63640390207027,8497900,JPM
2024-05-17,200.14816284179688,200.40227914931614,198.21304628193718,199.19037998672493,9260500,JPM
2024-05-20,191.14694213867188,201.21348303717943,190.97101430386422,199.75725033893985,17373300,JPM
2024-05-21,194.99761962890625,195.3689962857906,192.1438070784236,192.53473458448977,14420800,JPM
2024-05-22,193.8150634765625,196.3854561424964,193.20912129274825,194.4894261845779,9425300,JPM
2024-05-23,192.45655822753906,193.80528356043,191.6258334965717,193.32638465933397,8069400,JPM
2024-05-24,196.16065979003906,196.20951454626544,193.08204958838633,193.2677453834201,7355400,JPM
2024-05-28,194.97808837890625,195.86746569447462,194.15713158588773,195.32992913490418,6910200,JPM
2024-05-29,193.6195831298828,194.47964157235154,192.4272348029799,193.51207582457423,6120000,JPM
2024-05-30,194.8119354248047,195.320153143245,193.9030072954224,194.05938427231624,6829700,JPM
2024-05-31,198.03712463378906,198.6919363975482,193.85413775492938,194.78260175091833,14417900,JPM
2024-06-03,197.24549865722656,197.83188994185147,194.67510619981314,197.7243826360642,6444300,JPM
2024-06-04,194.64578247070312,197.40185573864696,193.78572404610256,195.62311616668424,6848300,JPM
2024-06-05,192.78884887695312,195.29083578721014,192.45655898326137,195.23218323573857,8351600,JPM
2024-06-06,192.44679260253906,193.531633663309,190.90260348549256,192.788850467834,7640300,JPM
2024-06-07,195.41787719726562,196.36589211260284,192.5445136322584,192.95499201112668,6964500,JPM
2024-06-10,195.08558654785156,196.28770286078478,193.94210787268156,194.7239778396924,6071200,JPM
2024-06-11,189.95457458496094,193.4534309478743,189.21180635703556,193.42411213051727,9235300,JPM
2024-06-12,187.188720703125,192.26108494708043,186.97370609800302,191.5574034963046,12751300,JPM
2024-06-13,189.2704620361328,190.16960731763598,186.55347534054516,187.96083835956924,8587800,JPM
2024-06-14,189.3877410888672,190.4432633741586,187.08123274240012,187.11055156313626,6874000,JPM
2024-06-17,190.56051635742188,191.1469225293828,188.2735591300455,189.09451584044803,8725400,JPM
2024-06-18,192.53475952148438,193.4730065356642,189.72981627419742,190.1891643554303,9023000,JPM
2024-06-20,194.16688537597656,194.92920447281546,191.66491347733307,191.93856572168914,8731100,JPM
2024-06-21,191.85061645507812,192.70089203811682,189.81776048303664,192.2513268682297,20972500,JPM
2024-06-24,194.37213134765625,194.71418919546127,192.63247855183081,193.32637712873137,9785900,JPM
2024-06-25,193.5804901123047,195.53515748196287,193.25796820675964,193.6000260486927,6915900,JPM
2024-06-26,192.95498657226562,193.45343630700023,191.83105877463495,192.9745374220214,7758600,JPM
2024-06-27,194.65554809570312,195.32991072388057,192.43699645691333,192.96476499762983,7913500,JPM
2024-06-28,197.67550659179688,198.0078113799218,194.78260722325575,195.47650579128756,15307600,JPM
2024-07-01,200.79322814941406,202.39605500023916,198.0664733830028,198.2423863104801,10205800,JPM
2024-07-02,204.09661865234375,204.1259374732244,200.12864582190664,200.63684865912472,7802900,JPM
2024-07-03,203.95977783203125,205.6114742163925,202.94334240491855,204.8002854335967,5560900,JPM
2024-07-05,201.2572021484375,203.7926968848938,200.9918706611392,203.41926238573083,8093100,JPM
2024-07-08,201.6306610107422,203.33081300763516,200.45136491460582,201.50289881017656,8707000,JPM
2024-07-09,204.04823303222656,206.14147875268137,201.90583185424475,202.0827345182002,9058900,JPM
2024-07-10,204.2152862548828,204.3823518190028,202.03358183662465,202.58391898797578,8328500,JPM
2024-07-11,203.87132263183594,204.51011862199186,201.83703954470798,202.65272319654326,10658100,JPM
2024-07-12,201.40463256835938,203.8713277736667,198.61362831289742,200.48084587923353,15443400,JPM
2024-07-15,206.42648315429688,207.95956958643774,203.15392634927454,203.6158196968508,10719700,JPM
2024-07-16,209.93487548828125,210.05281558711948,204.49045161732204,206.37732824754642,11557000,JPM
2024-07-17,213.12881469726562,213.80691404612054,209.59092656643872,210.1117824439957,11572500,JPM
2024-07-18,206.357666015625,212.90277907083097,205.63044122875473,211.91020780994904,12415100,JPM
2024-07-19,206.1611328125,208.6868055381195,205.31596787265246,207.55663492330626,8095900,JPM
2024-07-22,206.65249633789062,208.50989168797275,206.09233710307217,206.82939898795496,7663200,JPM
2024-07-23,206.70166015625,207.83181584256909,205.73857004991763,207.3797595662671,5557300,JPM
2024-07-24,204.99166870117188,208.3723286234132,204.48064987241554,205.93511460795057,7119000,JPM
2024-07-25,205.07028198242188,206.5640650250406,204.46098225258515,205.0506227988765,6403800,JPM
2024-07-26,208.5786895751953,209.48281701358428,205.0211273770822,205.6304420604461,8027800,JPM
2024-07-29,207.21267700195312,209.9250594241352,206.91784923973353,208.981613584145,6533600,JPM
2024-07-30,211.47781372070312,212.06745427396146,209.28628708974415,209.5516185907068,8850700,JPM
2024-07-31,209.12904357910156,212.65710979070278,209.00128137791128,211.07488289701848,9071600,JPM
2024-08-01,204.37254333496094,210.14127671028746,202.81979769992722,209.52213987600666,10918600,JPM
2024-08-02,195.70468139648438,201.13928344801727,193.49349562520945,200.36291815303966,18041700,JPM
2024-08-05,191.53781127929688,192.78590695030917,187.60681451628977,190.70248346449543,13927000,JPM
2024-08-06,196.8839874267578,199.10501039977015,190.6533605819331,192.02920357759774,10605800,JPM
2024-08-07,196.9429473876953,202.2006619718224,196.7464005331295,199.99929821221954,9204400,JPM
2024-08-08,200.539794921875,201.37513772164357,198.30895008840693,198.97722732733428,7761200,JPM
2024-08-09,202.2498016357422,202.90824184349776,199.3998197713183,199.9599940499609,5540200,JPM
2024-08-12,202.63307189941406,203.56668069536957,200.14671747640378,202.84927793581178,6936000,JPM
2024-08-13,204.35289001464844,204.50029641010514,201.85669841744507,204.14650606544495,6387800,JPM
2024-08-14,206.6132049560547,207.12422376241682,203.5470171400654,204.15633186390224,6999800,JPM
2024-08-15,207.90060424804688,210.200233865479,207.45837009016583,209.32558764369173,7001000,JPM
2024-08-16,210.2788543701172,210.39677947937662,207.93990639938326,208.03818732080828,7931200,JPM
2024-08-19,211.7333221435547,211.81194388273644,210.13145106886205,210.30833873534843,6090800,JPM
2024-08-20,210.81936645507812,212.2738310990361,209.9938457152873,211.29108188098502,5640000,JPM
2024-08-21,210.8979949951172,211.2910886967928,209.16834671839212,210.73091442656337,5202300,JPM
2024-08-22,212.89295959472656,213.0600251558063,210.64245557572255,210.8783207772505,5247100,JPM
2024-08-23,214.54397583007812,215.40879992617937,212.76520217423942,213.846232294366,7214000,JPM
2024-08-26,215.38914489746094,215.8903416016062,214.28847056887702,215.23190142321664,5105200,JPM
2024-08-27,216.3817138671875,216.61757907599807,215.40880174641512,215.72327369593296,5185200,JPM
2024-08-28,217.4725799560547,218.3767224830279,215.40881548073895,215.4677780378103,6506400,JPM
2024-08-29,218.37672424316406,219.13343039243037,215.16312989680014,218.31774669005353,6416100,JPM
2024-08-30,220.92202758789062,221.59028985941703,218.10152713036598,218.66170138346578,8574100,JPM
2024-09-03,216.49964904785156,220.23409896019697,215.45793730818713,218.46514742323728,8956100,JPM
2024-09-04,215.54638671875,218.2391249611723,213.4629631854609,217.22687947571416,7389500,JPM
2024-09-05,213.875732421875,216.9910458664722,212.30332756229168,216.35224983170718,8067900,JPM
2024-09-06,208.79490661621094,214.96657053994943,207.4485299830759,213.84623702501761,7777000,JPM
2024-09-09,213.06985473632812,214.3867350844514,210.48521950434235,211.47780580786753,8935100,JPM
2024-09-10,202.013916015625,214.86827689695218,197.14931064660243,214.8289735283884,28406900,JPM
2024-09-11,203.6551055908203,204.1169988987561,198.34826608953395,201.70926643975696,13658700,JPM
2024-09-12,203.03598022460938,205.17836617201317,201.3554725814163,204.06785483482824,9055800,JPM
2024-09-13,200.7953338623047,204.26443751350854,199.51775683880004,203.29151035806873,10226700,JPM
2024-09-16,204.2742462158203,204.61821442883218,202.04340136687367,202.27926656970143,8634900,JPM
2024-09-17,205.64027404785156,206.30853631881064,204.07770638878867,204.14649103641656,7573300,JPM
2024-09-18,203.94993591308594,207.69420788569158,203.134252295069,205.4044004992118,8259900,JPM
2024-09-19,206.84906005859375,208.25439929817213,203.76322798182906,206.16113857566475,11635200,JPM
2024-09-20,207.4485321044922,207.7728411510209,205.8859644221329,206.3085393946755,20885000,JPM
2024-09-23,207.79249572753906,208.14628604358447,206.36751236964275,207.36008367508768,7223500,JPM
2024-09-24,207.93991088867188,209.27645047286583,206.7409556001054,207.50749881796742,7323200,JPM
2024-09-25,206.56405639648438,208.5786952521755,205.01131086365388,208.02834310483743,8976500,JPM
2024-09-26,206.1611328125,208.04800953959986,205.40441170465013,207.48785027471803,7807500,JPM
2024-09-27,206.86871337890625,208.7752492886718,205.71889857669535,207.01611976551152,7032500,JPM
2024-09-30,207.2224884033203,207.32076931751,201.71908711106346,202.7509767278069,8663800,JPM
2024-10-01,203.46839904785156,205.48303801863204,202.63307117888843,205.29631326099215,8540100,JPM
2024-10-02,203.71408081054688,205.34544812745332,202.1416910435751,203.5077118702466,5810900,JPM
2024-10-03,201.6896209716797,202.92789460292266,200.81497475377728,202.61340765036468,7251300,JPM
2024-10-04,208.84832763671875,209.29327181595775,204.58672467758376,206.94988807449755,10211700,JPM
2024-10-07,208.5615692138672,210.93462991140802,207.33550218655432,208.6604524007274,6718900,JPM
2024-10-08,208.3835906982422,208.95707997068217,206.04020710414096,208.2155013560977,6021800,JPM
2024-10-09,211.02362060546875,211.83442051158937,207.02899021573995,207.34538926358616,7024000,JPM
2024-10-10,210.45013427734375,212.39801544891327,209.09552207412935,212.39801544891327,7927100,JPM
2024-10-11,219.79400634765625,222.10774308465892,212.7440759323716,213.2483439572866,18320700,JPM
2024-10-14,218.99310302734375,221.18817691855125,216.4223062334437,220.69379117886407,9048900,JPM
2024-10-15,219.8928985595703,222.91853700820153,219.32930663651948,221.14864261919945,9235800,JPM
2024-10-16,221.12887573242188,221.16841995717385,218.55806358729157,219.83358737553297,6382500,JPM
2024-10-17,221.90011596679688,223.31406717035992,220.80257891051903,221.75180626491755,6470200,JPM
2024-10-18,222.83944702148438,223.38327441008644,220.5949463891422,222.47360636345073,7000500,JPM
2024-10-21,220.49606323242188,223.16574349173558,220.39718003903886,222.69113735590264,5870000,JPM
2024-10-22,221.6034698486328,222.75044844117716,218.61739069944977,220.5158302211838,9586800,JPM
2024-10-23,220.90145874023438,222.27585061073344,220.03133493590457,221.14865163124108,6180500,JPM
2024-10-24,222.4538116455078,222.53291517735377,219.1710980549089,219.33918740228555,6002200,JPM
2024-10-25,219.8137969970703,223.0866283559648,218.3998609474393,222.47359483374228,6369700,JPM
2024-10-28,222.96798706054688,223.10641447562278,220.44661656188308,220.84213423885473,6843000,JPM
2024-10-29,220.3971710205078,224.2039474981267,220.30818520257858,222.681245959553,6580000,JPM
2024-10-30,221.89022827148438,223.768888190942,219.09200296042854,220.04121520422268,7110900,JPM
2024-10-31,219.4281768798828,223.15584978525882,219.32930877901737,222.17696053571638,7829900,JPM
2024-11-01,220.43673706054688,223.61068536323262,220.19942645136805,221.04977060827102,6923500,JPM
2024-11-04,217.31219482421875,221.247501092971,216.7090436174853,220.14996414588077,8229600,JPM
2024-11-05,219.0030059814453,219.46772979559552,217.5297310081334,217.55939294627441,5600700,JPM
2024-11-06,244.28590393066406,245.21535162905764,232.13390786139868,232.3613211001151,23987800,JPM
2024-11-07,233.725830078125,241.82387170355156,232.57885142840973,241.7546504512181,16451100,JPM
2024-11-08,234.31907653808594,236.65257798806775,233.13255370143304,236.65257798806775,9502100,JPM
2024-11-11,236.60313415527344,239.38159484424278,236.31639704838167,237.30516858414896,9017100,JPM
2024-11-12,236.8701171875,238.74879224115483,236.07909690635358,237.84900648275757,6861000,JPM
2024-11-13,238.4521484375,241.3492418105167,237.6116865927064,237.8786591332518,11472600,JPM
2024-11-14,239.1541748046875,241.5470001935604,238.34338996277597,239.69800218567153,10172200,JPM
2024-11-15,242.5555419921875,243.6530789957137,238.74878064816784,238.74878064816784,11518800,JPM
2024-11-18,242.2786865234375,245.14611792231315,239.955067395501,244.97802857289207,9052600,JPM
2024-11-19,240.36045837402344,242.39732523359064,238.8377569147939,239.5298939417164,6792700,JPM
2024-11-20,238.07640075683594,241.86339741541383,235.96043034861142,241.65574876176424,9015300,JPM
2024-11-21,242.01170349121094,242.73351753898677,239.3914650881921,240.49888432456902,8783500,JPM
2024-11-22,245.75917053222656,246.35242440676475,240.30114737922807,240.87463668583447,7997300,JPM
2024-11-25,247.47962951660156,251.45449545087982,246.26344471048196,246.7874924353732,10295400,JPM
2024-11-26,247.16322326660156,248.18165674665306,245.55152082707352,247.67738869231746,6212100,JPM
2024-11-27,246.9852294921875,248.36951866229163,245.97669341231065,246.55018270010947,5472300,JPM
2024-11-29,246.91603088378906,248.9430155640924,246.64905834273577,247.05445829628772,5494800,JPM
2024-12-02,243.48500061035156,247.44008691468215,242.27869808053418,246.7479498289157,8899700,JPM
2024-12-03,242.071044921875,246.24364675503867,241.88317592361943,245.44274425717506,6657700,JPM
2024-12-04,240.6669921875,242.59510880361918,239.5101312703025,241.95239823576057,7346300,JPM
2024-12-05,242.7236328125,244.40454140883827,241.8732886867115,242.6346469951103,6572500,JPM
2024-12-06,244.58251953125,244.9582575302924,242.09081111975584,242.94115521564518,5519700,JPM
2024-12-09,241.0723876953125,245.08679774940438,241.02294610062805,244.35511646291766,7076500,JPM
2024-12-10,240.133056640625,245.17579752609484,239.50024345896406,241.15149011911905,9108300,JPM
2024-12-11,240.7955322265625,241.52722859855038,239.46068461093157,241.2602560579329,7884400,JPM
2024-12-12,238.81797790527344,241.35912788860327,238.33347444139173,240.27147320946295,6113800,JPM
2024-12-13,237.245849609375,239.9946333286232,236.45482934692114,239.3519378520738,10392700,JPM
2024-12-16,236.889892578125,237.96764995945912,234.85302557488242,237.90832607974627,9032000,JPM
2024-12-17,235.68357849121094,236.33617131091611,233.97300799785273,235.97031559155997,8083600,JPM
2024-12-18,227.78329467773438,236.38561913950295,226.9527302057222,236.31639788977375,11322400,JPM
2024-12-19,230.34422302246094,233.70604020050013,229.6619682505312,229.6619682505312,11790800,JPM
2024-12-20,234.93212890625,236.52405172280695,228.98960216923263,229.3158985948264,32348400,JPM
2024-12-23,235.71324157714844,235.9406548018052,232.24265898038448,233.41929950082053,8611500,JPM
2024-12-24,239.58921813964844,239.76720485392838,236.38560815716602,236.7415514108146,3729100,JPM
2024-12-26,240.409912109375,240.52855986642453,238.0862929507795,238.71910613413755,4451800,JPM
2024-12-27,238.4620361328125,240.65711021053983,237.34471943819312,239.99463507356182,5730200,JPM
2024-12-30,236.6328125,238.13573437976999,234.44762075530065,236.08898513480727,5723800,JPM
2024-12-31,237.0184326171875,238.72900315780404,236.34606012415472,237.3546113199757,4871000,JPM
2025-01-02,237.30516052246094,240.54832984260477,236.76133317877247,238.214828493969,9220900,JPM
2025-01-03,240.54833984375,242.130380347991,237.5622455585369,241.15149108865305,9491100,JPM
2025-01-06,239.3755645751953,244.1859313037164,239.10721322157204,242.20810827543232,9917800,JPM
2025-01-07,241.6813507080078,243.75855242581702,239.42524303513548,240.65765741491037,8753400,JPM
2025-01-08,241.6416015625,242.75474024725352,239.0276971523622,241.263923009297,8675300,JPM
2025-01-10,238.40155029296875,242.31743268472198,237.27847828035397,241.60183919357027,10256800,JPM
2025-01-13,242.71499633789062,243.0429627908495,237.53688436167548,238.20278092058467,10005300,JPM
2025-01-14,245.9550323486328,246.20350189154246,240.70735681561123,241.17448076951155,12407400,JPM
2025-01-15,250.80516052246094,252.11707181174643,242.1882235029198,248.8670859721294,18448500,JPM
2025-01-16,252.71340942382812,255.46645623253497,250.78528332550556,252.4450580685519,15292300,JPM
2025-01-17,257.573486328125,259.0245400547025,250.5964568909223,252.58421335556525,17678100,JPM
2025-01-21,261.4197692871094,262.6323018466134,257.9113806213668,258.4778984477774,13712100,JPM
2025-01-22,261.2309265136719,261.7676292015455,258.6567857723807,261.2905567755741,9021900,JPM
2025-01-23,264.3219299316406,265.22633243853437,262.19501594031266,263.069633644008,10749700,JPM
2025-01-24,263.21868896484375,265.46486331834507,261.39990527266883,262.07573514391106,7666300,JPM
2025-01-27,264.2225341796875,264.34179471466797,260.6545149646572,262.55282602844756,7522300,JPM
2025-01-28,265.504638671875,265.69344762683505,263.2087521103164,264.22252729273976,7375400,JPM
2025-01-29,264.9480285644531,269.0229351176284,263.98396552868303,265.574176662941,7684900,JPM
2025-01-30,266.58795166015625,268.048953778913,264.9877920392538,266.98549686081526,8753500,JPM
2025-01-31,265.66363525390625,269.1621059891946,265.3257202998397,267.58184326396173,7196300,JPM
2025-02-03,265.1766357421875,266.528325843888,260.0979327827093,260.2271114687441,8381400,JPM
2025-02-04,266.2997131347656,268.18807554792284,265.19649261959887,268.18807554792284,5626000,JPM
2025-02-05,268.77447509765625,268.9832113583836,266.687324805673,267.263791148507,5704400,JPM
2025-02-06,275.2048645019531,275.2843917423059,269.5298285346734,270.7821247588098,7264400,JPM
2025-02-07,274.1116027832031,276.8447679065448,273.0282791558239,275.57260498963785,6857900,JPM
2025-02-10,269.3807373046875,274.48925512955987,267.93960188144194,274.45943999883946,8627400,JPM
2025-02-11,273.3065490722656,274.5290301440595,268.0091917560016,268.6055247259195,7196400,JPM
2025-02-12,273.7637634277344,274.75764163174756,271.5772192466031,272.40212481040146,6683900,JPM
2025-02-13,274.62841796875,275.27443270076105,272.13377410385283,273.81343060553405,8398700,JPM
2025-02-14,274.8967590332031,277.52061195725855,274.7576318615815,275.67198279153683,5688600,JPM
2025-02-18,278.2362060546875,278.2560726990323,274.3302417919727,275.0657322632962,7919800,JPM
2025-02-19,277.5404968261719,278.53437506010624,275.52292522451535,276.67582761557003,7007200,JPM
2025-02-20,265.16668701171875,277.033594939602,264.11317856451853,276.9739646751005,13846700,JPM
2025-02-21,262.62237548828125,267.55203337911627,261.2309520234313,266.67741567813727,12835600,JPM
2025-02-24,259.7401123046875,265.3654662782158,257.02681403378256,263.86470056458387,10372800,JPM
2025-02-25,255.82423400878906,261.3899578077281,251.7990395664852,260.6246825385414,9608400,JPM
2025-02-26,257.20574951171875,259.3127664562417,255.35712027593058,255.58572318246124,5943600,JPM
2025-02-27,257.4641418457031,262.0260695858289,256.28142433244926,258.58722909196575,8204400,JPM
2025-02-28,263.02984619140625,263.18887033501215,256.3112505258936,259.1338608307014,10467100,JPM
2025-03-03,259.0245361328125,264.689654103572,256.2416892567501,262.3838493601168,9058300,JPM
2025-03-04,248.718017578125,255.6552982781972,244.44433831893184,253.7172236712603,13465600,JPM
2025-03-05,249.99017333984375,251.50087239520067,246.3128271666759,249.71188866719606,7861400,JPM
2025-03-06,245.0307159423828,247.83345964495982,242.3571964194568,246.59111193964247,9983200,JPM
2025-03-07,240.7967987060547,245.20962015035235,237.95430656993176,243.72873623663241,20498700,JPM
2025-03-10,230.79840087890625,236.05600997666537,227.29994530703334,234.76398042623,18887200,JPM
2025-03-11,227.73724365234375,231.8916622959661,225.30224516480106,230.33126628704596,18143000,JPM
2025-03-12,226.5048370361328,232.88554846291444,225.86875559103464,232.5675001576764,16054000,JPM
2025-03-13,223.81143188476562,228.0950444543765,222.85730215022951,227.8962718495833,16467900,JPM
2025-03-14,231.0170440673828,231.71275575272347,226.18679555862144,226.723483097205,11962100,JPM
2025-03-17,232.49790954589844,234.22726299532854,229.0491662998078,229.76474461934126,9586000,JPM
2025-03-18,233.53155517578125,234.7242059485323,232.09043486014966,232.8855404304428,10344900,JPM
2025-03-19,237.64620971679688,240.84649863583104,233.4520426282584,234.296845138488,10120600,JPM
2025-03-20,237.54681396484375,240.27997890947805,234.7540187569687,235.11181550179046,8328500,JPM
2025-03-21,240.15078735351562,240.81668390835642,235.05218748247606,236.35416546025266,19326900,JPM
2025-03-24,246.5414276123047,247.16757574074137,242.91377819332533,243.97721999749032,9422700,JPM
2025-03-25,249.59263610839844,250.27841448980763,246.10411393607825,247.78377051306535,9287700,JPM
2025-03-26,249.4932403564453,253.11095635467274,248.25089262126588,251.05363639121194,12779300,JPM
2025-03-27,246.60104370117188,249.10562090554743,245.6667958062251,248.002415543592,8022500,JPM
2025-03-28,241.3633270263672,247.98254431515417,239.6339734981848,245.42828522619592,11978400,JPM
2025-03-31,243.79832458496094,244.35489394842733,235.90692927989483,237.94438261538116,13603000,JPM
2025-04-01,242.16836547851562,244.18593700817635,239.40538530000353,241.13472365949687,8054700,JPM
2025-04-02,244.3151397705078,245.73637827854148,239.98183032953702,240.12097266714437,7758800,JPM
2025-04-03,227.29000854492188,233.70051991765362,225.90851845013046,232.8358507344424,17188500,JPM
2025-04-04,210.27999877929688,217.6999969482422,208.92999267578125,215.30999755859375,27170700,JPM
2025-04-07,214.44000244140625,222.0500030517578,202.16000366210938,205.77000427246094,22914400,JPM
2025-04-08,216.8699951171875,227.83999633789062,213.25,223.52000427246094,19485700,JPM
2025-04-09,234.33999633789062,237.47999572753906,211.0,212.5,24022400,JPM
2025-04-10,227.11000061035156,230.35000610351562,220.10000610351562,230.0,18896400,JPM
2025-04-11,236.1999969482422,238.5800018310547,225.0,226.30999755859375,20277100,JPM
